Sargsyan,4
Harutyunyan,4
Hovhannisyan,4
Grigoryan,4
Mkrtchyan,4
Petrosyan,4
Karapetyan,4
Khachatryan,4
Davtyan,4
Avetisyan,4
Manukyan,4
Martirosyan,4
Hakobyan,4
Gevorgyan,4
Stepanyan,4
Vardanyan,4
Abrahamyan,4
Aleksanyan,4
Arrakelyan,4
Asatryan,4
Baghdasaryan,4
Babayan,4
Barseghyan,4
Galstyan,4
Gasparyan,4
Danielyan,4
Yeghiazaryan,4
Yesayan,4
Zakaryan,4
Tadevosyan,4
Khachikyan,4
Kirakosyan,4
Margaryan,4
Melikyan,4
Minasyan,4
Muradyan,4
Nersisyan,4
Ohanyan,4
Poghosyan,4
Sahakyan,4
Simonyan,4
Sukiasyan,4
Ter-Petrosyan,4
Tonoyan,4
Vagharshakyan,4
Vardapetyan,4
Kocharyan,4
Aghajanyan,4
Andreasyan,4
Antonyan,4
Arzumanyan,4
Beglaryan,4
Demirchyan,4
Dilanyan,4
Gabrielyan,4
Galoyan,4
Gyulbenkyan,4
Hambardzumyan,4
Ghazaryan,4
Matevosyan,4
Manasyan,4
Meliksetyan,4
Mkrtumyan,4
Nalbandyan,4
Nazaryan,4
Nikoghosyan,4
Shahnazaryan,4
Shahbazyan,4
Chobanyan,4
Papikyan,4
Parsamyan,4
Rrostomyan,4
Saribekyan,4
Sarukhanyan,4
Soghomonyan,4
Ter-Minasyan,4
Terteryan,4
Vahanyan,4
Virabyan,4
Zohrabyan,4
Adamyan,4
Atabekyan,4
Apresyan,4
Arshakyan,4
Balasanyan,4
Derdzakyan,4
Elibekyan,4
Tumanyan,4
Israyelyan,4
Khudaverdyan,4
Hovsepyan,4
Melik-Shahnazaryan,4
Movsisyan,4
Shirinyan,4
Taturyan,4
Kalantaryan,4
Abazyan,4
Abaghyan,4
Abaghyants,4
Abamelikyan,4
Abashyan,1
Abajanyan,1
Abajyan,1
Abasyan,1
Abgaryan,1
Abdalyan,1
Abdoyan,1
Abetnakyan,1
Abelants,1
Abelyan,1
Abeghyan,1
Abeshyan,1
Abesalomyants,1
Abtekyan,1
Abisalomyan,1
Abisoghomonyan,1
Aboyan,1
Abovyan,1
Abujanyan,1
Abusefyan,1
Abroyan,1
Agilyan,1
Agishyan,1
Aglintsyan,1
Agshehiryan,1
Agozyan,1
Agulyan,1
Agujyan,1
Agralyan,1
Agraklyan,1
Agramazyan,1
Agrapyan,1
Agripasyan,1
Agryan,1
Adabashyan,1
Adaturyan,1
Adalyan,1
Adamyants,1
Adanalyan,1
Adanelyan,1
Adanyan,1
Adajyan,1
Adelyan,1
Adeyan,1
Adibek-Melikyan,1
Adibekyan,1
Adigyozalyan,1
Adigozyan,1
Adilkhanyan,1
Adilyan,1
Adikhanyan,1
Adimzalyan,1
Adiyan,1
Adishyan,1
Adlkhanyan,1
Adyan,1
Adoyan,1
Adonts,1
Adulyan,1
Adunts,1
Adruni,1
Azabyan,1
Azanyan,1
Azatikyan,1
Azatkhanyan,1
Azatyan,1
Azatyants,1
Azaramyan,1
Azarbekyan,1
Azarikyan,1
Azaryan,1
Azarumyan,1
Azbekyan,1
Azgaldyan,1
Azgaldryan,1
Azgeldyan,1
Azgulyan,1
Azdaryan,1
Azizbekyan,1
Azizkhanyan,1
Azizyan,1
Azilazyan,1
Azikyan,1
Aziryan,1
Azyan,1
Aznavuryan,1
Azoyan,1
Azulyan,1
Azryan,1
Azroyan,1
Atabahyan,1
Atabekyants,1
Atagyulyan,1
Atalaryan,1
Atalyan,1
Atalyants,1
Atakhanyan,1
Atamanyan,1
Atamyan,1
Atayan,1
Atanaginyan,1
Atanasyan,1
Atanesyan,1
Atanosyan,1
Atashyan,1
Atajyan,1
Atasyan,1
Atasunts,1
Atarbekyan,1
Ataryan,1
Atakyan,1
Atbashyan,1
Atechyan,1
Ateshyan,1
Aterzyan,1
Atinizyan,1
Atinyan,1
Atloyan,1
Atmachyan,1
Atmajyan,1
Atyan,1
Atoyan,1
Atorrakalyan,1
Atumyan,1
Atchyan,1
Atkyan,1
Azhanjyan,1
Azhdaharyan,1
Azhdaryan,1
Azhderhanyan,1
Azhtehanyan,1
Azhterkhanyan,1
Azhtikyan,1
Alabashyan,1
Alabekyan,1
Alaberkyan,1
Alaberchyan,1
Alagyozyan,1
Alajajyan,1
Alaverdyan,1
Aloyan,1
Aghababyan,1
Aghabekyan,1
Aghasyan,1
Amaryan,1
Amirbekyan,1
Amirkhanyan,1
Ayvazyan,1
Ananyan,1
Anghaladyan,1
Anopyan,1
Arrustamyan,1
Aslanyan,1
Astvatsatryan,1
Avagyan,1
Avdalyan,1
Avoyan,1
Avchyan,1
Atryan,1
Aregyan,1
Areshyan,1
Artsruni,1
Babalyan,1
Babajanyan,1
Babujyan,1
Bagratyan,1
Bagratuni,1
Badalyan,1
Badalov,1
Badasyan,1
Badeyan,1
Badikyan,1
Bazeyan,1
Bazunts,1
Bakunts,1
Bekzadyan,1
Bekzadov,1
Bekyan,1
Beknazaryan,1
Bejanyan,1
Berberyan,1
Boyajyan,1
Bostanjyan,1
Buniatyan,1
Burrnazyan,1
Gaboyan,1
Gabuzyan,1
Galachyan,1
Galdunts,1
Galfayan,1
Gasparov,1
Gavaljyan,1
Garaseferyan,1
Geravetyan,1
Gziryan,1
Giloyan,1
Gimishyan,1
Glechyan,1
Gyanjetsyan,1
Gyulnazaryan,1
Gyumushyan,1
Gnuni,1
Gulaksyan,1
Gulumyan,1
Dabaghyan,1
Dadalyan,1
Dadasyan,1
Dallakyan,1
Darbinyan,1
Darchinyan,1
Demuryan,1
Devrikyan,1
Dimaksyan,1
Dodokhyan,1
Dolukhanyan,1
Dolukhanov,1
Dokholyan,1
Dokhoyan,1
Dokhoyants,1
Dovlatbekyan,1
Dovlatyan,1
Dudukchyan,1
Duzchakatchyan,1
Duvalyan,1
Yeganyan,1
Yegoryan,1
Yeghnukyan,1
Yengibaryan,1
Yengibarov,1
Yengoyan,1
Yenigomeshyan,1
Yenokyan,1
Yeremyan,1
Yeribekyan,1
Yerkanyan,1
Yepremyan,1
Zadoyan,1
Zazyan,1
Zanazanyan,1
Zavriyan,1
Zavaryan,1
Zatikyan,1
Zargaryan,1
Zaryan,1
Zarubyan,1
Zakyan,1
Zakoyan,1
Zelveyan,1
Zeytuntsyan,1
Zeynalyan,1
Zolyan,1
Zurrnachyan,1
Zurabyan,1
Elbakyan,1
Eloyan,1
Elchibekyan,1
Enfiajyan,1
Eskibashyan,1
Ërghatbashyan,1
Tatulyan,1
Tatunts,1
Tamazyan,1
Tashchyan,1
Tarakajyan,1
Tarrayan,1
Terzyan,1
Tekeyan,1
Tovmasyan,1
Torgomyan,1
Torosyan,1
Tovuljyan,1
Tevosyan,1
Zhamagortsyan,1
Zhamkochyan,1
Ibrahimbekyan,1
Igitbashyan,1
Igitkhanyan,1
Igityan,1
Izmiryan,1
Imastunyan,1
Imekchyan,1
Ishlemechyan,1
Ishkhanyan,1
Ishtoyan,1
Isabekyan,1
Isabekyants,1
Isahakyan,1
Iskandaryan,1
Lazaryan,1
Lazaryants,1
Lalayan,1
Lalayants,1
Lambaryan,1
Lementsyan,1
Liparityan,1
Lputyan,1
Ltskaryan,1
Lusparonyan,1
Khazabashyan,1
Khazkhazyan,1
Khalafyan,1
Khalikyan,1
Khanbabyan,1
Khanzadyan,1
Khashmanyan,1
Khachatryants,1
Khachents,1
Khachikoghlyan,1
Kharratyan,1
Khechanyan,1
Khzmalyan,1
Khlghatyan,1
Khnkoyan,1
Khodikyan,1
Khudoyan,1
Tsaghikyan,1
Tsarrukyan,1
Tsaturyan,1
Tserunyan,1
Tsormotyan,1
Tspnetsyan,1
Tsurrvizyan,1
Kabakulakyan,1
Kabaghyan,1
Kabaskalyan,1
Kadarjyan,1
Kaldrikyan,1
Kalents,1
Kalpakchyan,1
Kamsaryan,1
Kamsaryants,1
Kayfejyan,1
Kashegortsyan,1
Karagyan,1
Karakhanyan,1
Karamanukyan,1
Karchikyan,1
Ketikyan,1
Kotoghyan,1
Kondakhchyan,1
Koshkakaryan,1
Kostanyan,1
Krpeyan,1
Kuyumjanyan,1
Halabyan,1
Hakhverdyan,1
Hayrapetyan,1
Hayrbabamyan,1
Hayrikyan,1
Hatikyan,1
Hajinyan,1
Hovasapyan,1
Hovivyan,1
Hovsepov,1
Hurdajyan,1
Dzavaryan,1
Dzitoghtsyan,1
Dzilfugharyan,1
Dzknorsyan,1
Dzvakeryan,1
Ghabzimalyan,1
Ghazakhetyan,1
Ghazanchyan,1
Ghazarov,1
Ghazinyan,1
Ghaldunts,1
Ghaltakhchyan,1
Ghahramanyan,1
Ghambaryan,1
Ghaylunjyan,1
Ghayfechyan,1
Ghandilyan,1
Ghasabyan,1
Ghasaboghlyan,1
Ghaplanyan,1
Gholtaghchyan,1
Chaltikyan,1
Chagharyan,1
Chanchapanyan,1
Chansuzyan,1
Chapaghjuryan,1
Chgnavoryan,1
Cheneperekyan,1
Chivaszyan,1
Chochkanyan,1
Chughuryan,1
Madatyan,1
Mazmanyan,1
Manandyan,1
Manvelyan,1
Marashyan,1
Melik-Abrahamyan,1
Melik-Adamyan,1
Melik-Aslanyan,1
Melik-Barkhudaryan,1
Melik-Ohanjanyan,1
Mehrabyan,1
Mikoyan,1
Minasbekyan,1
Misakyan,1
