Gruber,4
Huber,4
Bauer,4
Wagner,4
Müller,4
Pichler,4
Steiner,4
Moser,4
Mayer,4
Hofer,4
Leitner,4
Berger,4
Fuchs,4
Eder,4
Fischer,4
Schmid,4
Winkler,4
Weber,4
Schwarz,4
Maier,4
Schneider,4
Reiter,4
Mayr,4
Schmidt,4
Wimmer,4
Egger,4
Brunner,4
Lang,4
Baumgartner,4
Auer,4
Binder,4
Lechner,4
Wolf,4
Wallner,4
Aigner,4
Ebner,4
Koller,4
Lehner,4
Haas,4
Schuster,4
Bichler,4
Stadler,4
Haider,4
Holzer,4
Kern,4
Kogler,4
Krenn,4
Leitgeb,4
Lindner,4
Mair,4
Ortner,4
Pöll,4
Riegler,4
Rieder,4
Schachner,4
Schober,4
Schwarzl,4
Seidl,4
Strasser,4
Thaler,4
Unterberger,4
Wurm,4
Zeller,4
Ziegler,4
Brandstätter,4
Hinteregger,4
Kainz,4
Karner,4
Klammer,4
Kofler,4
Kratzer,4
Lackner,4
Mader,4
Mitterer,4
Obermaier,4
Pacher,4
Plank,4
Prantl,4
Prohaska,4
Reisinger,4
Rinner,4
Scharf,4
Schauer,4
Schindler,4
Schmidl,4
Schwaiger,4
Steinbauer,4
Stocker,4
Tschernko,4
Waldner,4
Wieser,4
Winter,4
Zöchling,4
Achleitner,4
Ackerl,4
Adam,4
Adler,4
Aichholzer,4
Aichinger,4
Albrecht,4
Altmann,1
Amann,1
Amon,1
Anderl,1
Angerer,1
Arnold,1
Artner,1
Aschauer,1
Augustin,1
Auinger,1
Bacher,1
Bachinger,1
Bachler,1
Bachmann,1
Bader,1
Baier,1
Baldauf,1
Barth,1
Bartl,1
Baumann,1
Bayer,1
Beck,1
Becker,1
Beer,1
Berchtold,1
Bergmann,1
Berner,1
Bernhard,1
Berthold,1
Biedermann,1
Bischof,1
Bitschnau,1
Bittner,1
Blauensteiner,1
Blum,1
Blümel,1
Bock,1
Bodner,1
Bogner,1
Brandl,1
Brandner,1
Brandstetter,1
Brandtner,1
Braun,1
Brenner,1
Breuer,1
Bruckner,1
Brugger,1
Bräuer,1
Buchberger,1
Buchegger,1
Bucher,1
Buchinger,1
Buchner,1
Burger,1
Burgstaller,1
Burtscher,1
Bäck,1
Böck,1
Böhler,1
Böhm,1
Bösch,1
Bürger,1
Dallinger,1
Dangl,1
Danner,1
Danninger,1
Decker,1
Dengg,1
Denk,1
Deutschmann,1
Dietl,1
Dietrich,1
Dirnberger,1
Dittrich,1
Dobler,1
Doppler,1
Dorfer,1
Dorn,1
Dorner,1
Draxler,1
Dünser,1
Eberhard,1
Eberharter,1
Eberl,1
Ecker,1
Edlinger,1
Eibl,1
Eichberger,1
Eichhorn,1
Eichinger,1
Eisl,1
Eisner,1
Eller,1
Ender,1
Engel,1
Engl,1
Enzinger,1
Erber,1
Erhart,1
Erlacher,1
Erler,1
Ernst,1
Ertl,1
Fabian,1
Falkner,1
Fankhauser,1
Farkas,1
Fasching,1
Fehringer,1
Feichtenschlager,1
Feichter,1
Feichtinger,1
Feichtner,1
Feigl,1
Felber,1
Felder,1
Fellinger,1
Fellner,1
Fercher,1
Ferstl,1
Fichtinger,1
Fiedler,1
Fink,1
Fitz,1
Fleck,1
Fleischhacker,1
Fleischmann,1
Foidl,1
Forster,1
Forstner,1
Frank,1
Franz,1
Freitag,1
Freudenthaler,1
Frey,1
Frick,1
Friedl,1
Friedrich,1
Frisch,1
Fritsch,1
Fritz,1
Froschauer,1
Fröhlich,1
Fröschl,1
Frühwirth,1
Fuhrmann,1
Füreder,1
Fürst,1
Gabriel,1
Gahleitner,1
Galler,1
Gamsjäger,1
Gangl,1
Gartner,1
Gasser,1
Gassner,1
Gattringer,1
Geier,1
Geiger,1
Geisler,1
Geyer,1
Gindl,1
Glaser,1
Glatz,1
Glück,1
Gmeiner,1
Gollner,1
Gosch,1
Grabher,1
Grabner,1
Graf,1
Grasser,1
Grassl,1
Gratz,1
Gratzer,1
Gratzl,1
Greiner,1
Griesser,1
Grill,1
Gritsch,1
Gross,1
Grundner,1
Grünberger,1
Grüner,1
Grünwald,1
Gschaider,1
Gschwandtner,1
Gstrein,1
Guggenberger,1
Gutmann,1
Gärtner,1
Göschl,1
Götz,1
Günther,1
Haberl,1
Hacker,1
Hackl,1
Haderer,1
Hafner,1
Hagen,1
Hager,1
Hahn,1
Haid,1
Haiden,1
Haidinger,1
Haindl,1
Hainzl,1
Haller,1
Hammer,1
Hammerer,1
Hammerl,1
Handl,1
Handler,1
Haring,1
Harrer,1
Hartl,1
Hartmann,1
Haslauer,1
Haslinger,1
Hattinger,1
Hauer,1
Haumer,1
Hausberger,1
Hauser,1
Hebenstreit,1
Hechenberger,1
Heger,1
Heigl,1
Heim,1
Heindl,1
Heinrich,1
Heinz,1
Heinzl,1
Heiss,1
Heissenberger,1
Held,1
Hell,1
Heller,1
Helm,1
Hemetsberger,1
Herbst,1
Hermann,1
Herrmann,1
Herzog,1
Himmelbauer,1
Hinterberger,1
Hinterleitner,1
Hirsch,1
Hirschmann,1
Hochleitner,1
Hochreiter,1
Hofbauer,1
Hoffmann,1
Hofinger,1
Hofmann,1
Hofmeister,1
Hofstetter,1
Hofstätter,1
Holl,1
Hollaus,1
Holler,1
Holzinger,1
Holzknecht,1
Holzmann,1
Horak,1
Horn,1
Hosp,1
Hubmann,1
Huemer,1
Hufnagl,1
Humer,1
Hummel,1
Hummer,1
Huter,1
Hutter,1
Hutterer,1
Hämmerle,1
Häusler,1
Hödl,1
Höfer,1
Höfler,1
Höglinger,1
Höller,1
Hölzl,1
Hörl,1
Hörmann,1
Hübner,1
Hütter,1
Jahn,1
Jandl,1
Janisch,1
Jank,1
Jauk,1
Jenewein,1
Jost,1
Jovanovic,1
Juen,1
Jung,1
Jungwirth,1
Jäger,1
Jöbstl,1
Kager,1
Kahr,1
Kain,1
Kaindl,1
Kaiser,1
Kalcher,1
Kaltenbrunner,1
Kaltenböck,1
Kaltenegger,1
Kammerer,1
Kapeller,1
Kappel,1
Kargl,1
Karl,1
Karrer,1
Kaspar,1
Kasper,1
Kastner,1
Kaufmann,1
Keller,1
Kellner,1
Keplinger,1
Kerschbaum,1
Kerschbaumer,1
Kessler,1
Kirchmair,1
Kirchner,1
Kirschner,1
Kiss,1
Kitzler,1
Klaus,1
Klausner,1
Klein,1
Klement,1
Klinger,1
Klingler,1
Klocker,1
Kloiber,1
Klotz,1
Klug,1
Knapp,1
Knaus,1
Knoll,1
Kober,1
Koch,1
Kocher,1
Kohl,1
Kohler,1
Kolar,1
Kolb,1
Kollmann,1
Kolm,1
Konrad,1
Kopf,1
Kopp,1
Koppensteiner,1
Kraft,1
Krainer,1
Krainz,1
Kral,1
Krall,1
Kramer,1
Krammer,1
Kraus,1
Kraxner,1
Kreidl,1
Kreiner,1
Kremser,1
Kreuzer,1
Kriegl,1
Kronberger,1
Kronsteiner,1
Krug,1
Kröll,1
Kucera,1
Kugler,1
Kuhn,1
Kummer,1
Kunz,1
Kurz,1
Kurzmann,1
Käfer,1
Köberl,1
Köck,1
Köhler,1
Kölbl,1
Köll,1
König,1
Kössler,1
Ladner,1
Lagler,1
Laimer,1
Lammer,1
Lampert,1
Lampl,1
Lamprecht,1
Landl,1
Langer,1
