Ivanov,4
Georgiev,4
Dimitrov,4
Petrov,4
Nikolov,4
Hristov,4
Stoyanov,4
Todorov,4
Iliev,4
Angelov,4
Vasilev,4
Mihaylov,4
Kostov,4
Atanasov,4
Pavlov,4
Stefanov,4
Yordanov,4
Marinov,4
Aleksandrov,4
Kolev,4
Popov,4
Donchev,4
Dimov,4
Genov,4
Grigorov,4
Danailov,4
Draganov,4
Dragiev,4
Zhelev,4
Zhivkov,4
Zahariev,4
Zlatev,4
Yonchev,4
Kalchev,4
Kamenov,4
Kirilov,4
Kostadinov,4
Krastev,4
Lazarov,4
Manolov,4
Markov,4
Milanov,4
Milev,4
Minchev,4
Naydenov,4
Nedelchev,4
Nenov,4
Ognyanov,4
Panayotov,4
Peev,4
Penev,4
Radev,4
Raykov,4
Rusev,4
Simeonov,4
Spasov,4
Stanev,4
Trifonov,4
Filipov,4
Tsvetkov,4
Yankov,4
Andreev,4
Antonov,4
Arnaudov,4
Asenov,4
Balabanov,4
Boev,4
Bozhilov,4
Boyadzhiev,4
Velev,4
Valchev,4
Ganchev,4
Gospodinov,4
Daskalov,4
Delchev,4
Denev,4
Dechev,4
Doychev,4
Dukov,4
Enev,4
Zografov,4
Karadzhov,4
Kirov,4
Koev,4
Krumov,4
Kanchev,4
Lalev,4
Lozanov,4
Lukanov,4
Manov,4
Mladenov,4
Moskov,4
Nachev,4
Neykov,4
Parvanov,4
Rashev,4
Savov,4
Slavov,4
Tachev,4
Terziev,4
Tonev,1
Uzunov,1
Hadzhiev,1
Tsanev,1
Chakarov,1
Shopov,1
Yurukov,1
Aleksov,1
Bogdanov,1
Bozhidarov,1
Borisov,1
Boyanov,1
Valentinov,1
Vasilov,1
Velizarov,1
Ventsislavov,1
Viktorov,1
Vladimirov,1
Deyanov,1
Dobriev,1
Dragomirov,1
Emilov,1
Ivaylov,1
Iliyanov,1
Kalinov,1
Krasimirov,1
Lyubomirov,1
Martinov,1
Metodiev,1
Milenov,1
Miroslavov,1
Nikolaev,1
Orlinov,1
Plamenov,1
Radoslavov,1
Rumenov,1
Samuilov,1
Svetoslavov,1
Stanimirov,1
Stanislavov,1
Teodorov,1
Tsvetanov,1
Avramov,1
Agapiev,1
Aleksiev,1
Anastasov,1
Apostolov,1
Argirov,1
Arsov,1
Blagov,1
Boykov,1
Bonchov,1
Borkov,1
Branimirov,1
Velichkov,1
Videnov,1
Venkov,1
Valchanov,1
Valchov,1
Gavrilov,1
Ganchov,1
Gerov,1
Ginchov,1
Goranov,1
Grozdanov,1
Gruyuov,1
Dakov,1
Delyov,1
Denkov,1
Dinkov,1
Dobrinov,1
Donchov,1
Dochov,1
Dragniev,1
Dragoev,1
Evtimov,1
Elinov,1
Emilyanov,1
Enyov,1
Zhekov,1
Zhelyov,1
Zarkov,1
Zdravkov,1
Zlatkov,1
Ivov,1
Itsov,1
Yosifov,1
Yotov,1
Kolyov,1
Kanchov,1
Lambov,1
Lenkov,1
Lilov,1
Lyubenov,1
Manchov,1
Mitov,1
Mityov,1
Nachov,1
Nikiforov,1
Nonchov,1
Panteleev,1
Peyov,1
Penkov,1
Penyov,1
Petkov,1
Prodanov,1
Radinov,1
Radkov,1
Rangelov,1
Rachov,1
Raychov,1
Slavchov,1
Stanchov,1
Stefchov,1
Stoykov,1
Stoychov,1
Tanchov,1
Tenkov,1
Todorkov,1
Tonchov,1
Traykov,1
Hrabrov,1
Hristoforov,1
Tsekov,1
Tsenov,1
Tsonchov,1
Chavdarov,1
Shishmanov,1
Yavorov,1
Yasenov,1
Yanchov,1
Ablenov,1
Avgustov,1
Avgustianov,1
Avgustinov,1
Avelov,1
Averov,1
Avernov,1
Avksentiev,1
Avov,1
Avreliev,1
Avrorov,1
Agatopodov,1
Agentov,1
Aglaev,1
Agnenov,1
Agneshov,1
Agopov,1
Agatsiev,1
Adalbertov,1
Adamov,1
Adeanov,1
Adelinov,1
Ademov,1
Adrianov,1
Adriyanov,1
Aerozolov,1
Azaliev,1
Aydemirov,1
Akashiev,1
Aksakustiev,1
Aksidanov,1
Aksintiev,1
Albertov,1
Albiyanov,1
Aldinov,1
Alevandrov,1
Alegov,1
Alekov,1
Alekzandriyanov,1
Berimirov,1
Berinov,1
Beriev,1
Berov,1
Beroslavov,1
Betinov,1
Bechov,1
Bilyanov,1
Binkov,1
Binyov,1
Bisentiev,1
Biserov,1
Blagovestov,1
Blagoev,1
Blagomirov,1
Blagosvetov,1
Blazheov,1
Bogov,1
Boginyaov,1
Bogoev,1
Bogolyubov,1
Bogomilov,1
Bogoslavov,1
Bodromirov,1
Bozhanov,1
Bozhikov,1
Bozhimirov,1
Bozhinov,1
Bozhinelov,1
Bozhkov,1
Bozhov,1
Bozhurov,1
Boilov,1
Boychov,1
Bolenov,1
Boleslavov,1
Boneov,1
Bonislavov,1
Bonkov,1
Bonov,1
Veselinov,1
Vesislavov,1
Vesov,1
Vespasiyanov,1
Vetkov,1
Vechkov,1
Vigalotov,1
Vigov,1
Videlinov,1
Vidinov,1
Vidoslavov,1
Vidyuov,1
Vikentiev,1
Vilianov,1
Vilizarov,1
Vilislavov,1
Viliyanov,1
Vinetuov,1
Vinkov,1
Vinov,1
Vinsantov,1
Vinchentsov,1
Violetov,1
Violinov,1
Visarionov,1
Vitaliev,1
Vitkov,1
Vitlyanov,1
Vitomirov,1
Vitoshov,1
Vihrenov,1
Vihroniev,1
Vihrov,1
Vichov,1
Vishov,1
Vishetinov,1
Vishnyuov,1
Vladov,1
Vladilenov,1
Vladimerov,1
Galentinov,1
Galienov,1
Galimirov,1
Galiyanov,1
Ganiev,1
Ganislavov,1
Gantsomirov,1
Ganyov,1
Garov,1
Gatyov,1
Gatsov,1
Gvardianov,1
Gelemirov,1
Genadiev,1
Genislavov,1
Genkov,1
Genchov,1
Geov,1
Geodimov,1
Geomilov,1
Gerasimov,1
Gerganov,1
Gergeev,1
Gergelyubov,1
Gerginov,1
Gerdanov,1
Germanov,1
Geroev,1
Gerchov,1
Getislavov,1
Getkov,1
Getov,1
Getsov,1
Gechov,1
Geshov,1
Givezov,1
Gizdalenov,1
Gikov,1
Gildroev,1
Delchov,1
Delyanov,1
Demirov,1
Demyanov,1
Denizov,1
Denikov,1
Denimirov,1
Denisov,1
Denislavov,1
Deniyanov,1
Denchov,1
Derdidasov,1
Desimirov,1
Desislavov,1
Deslavov,1
Despinov,1
Despinkov,1
Despotov,1
Detelinov,1
Dechkov,1
Dechov,1
Dechyuov,1
Deshov,1
Dzhanerov,1
Dzhankov,1
Dzhihadov,1
Diamandiev,1
Diamantinov,1
Dianov,1
Divizieov,1
Diviziev,1
Divilov,1
Didkov,1
Diegov,1
Dikov,1
Dilyanov,1
Evstatiev,1
Evstahiev,1
Egorov,1
Edvinov,1
Editov,1
Edryuov,1
Eduardov,1
Ekimov,1
Ektarov,1
Ektorov,1
Elvisov,1
Eleanov,1
Elektronov,1
Elemagov,1
Elenkov,1
Elianov,1
Eliasov,1
Eliezerov,1
Elizabetov,1
Eliseev,1
Elisiev,1
Elkov,1
Elyov,1
Emanoilov,1
Emanuelov,1
Emanuilov,1
Emilianov,1
Emiliyanov,1
Endov,1
Enchov,1
Enyuov,1
Ervinov,1
Eredinov,1
Eremiev,1
Erikov,1
Erinov,1
Erolov,1
Ersenov,1
Esenov,1
Etienov,1
Efkov,1
Zavarinov,1
Zavenov,1
Zamfirov,1
Zangov,1
Zankov,1
Zapryanov,1
Zaferov,1
Zafirov,1
Zaharov,1
Zaharinov,1
Zahov,1
Zvezdanov,1
Zvezdinov,1
Zvezdislavov,1
Zvezdiyanov,1
Zvezdoletov,1
Zvezdomirov,1
Zgurov,1
Zdravelinov,1
Zdravetsov,1
Zdravchov,1
Zenginov,1
Zikov,1
Zinkov,1
Zinoviev,1
Zlatanov,1
Zlatiev,1
Zlatilov,1
Zlatimirov,1
Zlatiyanov,1
Zlatogorov,1
Zlatozarov,1
Zlatomirov,1
Zlatoslavov,1
