Jan,4
Jiří,4
Petr,4
Josef,4
Pavel,4
Martin,4
Tomáš,4
Jaroslav,4
Miroslav,4
František,4
Václav,4
Karel,4
Milan,4
Zdeněk,4
Ladislav,4
Michal,4
Roman,4
Stanislav,4
Bohumil,4
Oldřich,4
Vojtěch,4
Jakub,4
Ondřej,4
Lukáš,4
Matěj,4
Matyáš,4
Antonín,4
Jindřich,4
Bedřich,4
Rudolf,4
Richard,4
Robert,4
Daniel,4
David,4
Filip,4
Marek,2
Radek,2
Radim,2
Rostislav,2
Svatopluk,2
Přemysl,2
Otakar,2
Hynek,2
Aleš,2
Ivan,2
Ivo,2
Lubomír,2
Miloš,2
Vladimír,2
Viktor,2
Adam,2
Albert,2
Alexander,2
Alexandr,2
Alois,2
Arnošt,2
Artur,2
Blahoslav,2
Bohumír,2
Bohuslav,2
Boleslav,2
Bořivoj,2
Břetislav,2
Ctibor,2
Ctirad,2
Dalibor,1
Denis,1
Dobroslav,1
Dominik,1
Drahoslav,1
Dušan,1
Eduard,1
Emil,1
Erik,1
Ferdinand,1
Felix,1
Horymír,1
Hubert,1
Ignác,1
Igor,1
Jaromír,1
Jonáš,1
Jozef,1
Ján,1
Kamil,1
Klement,1
Kryštof,1
Leoš,1
Libor,1
Luboš,1
Ludvík,1
Luděk,1
Lumír,1
Marcel,1
Marian,1
Matouš,1
Michael,1
Mikuláš,1
Miloslav,1
Mojmír,1
