Smith,4
Jones,4
Williams,4
Taylor,4
Brown,4
Davies,4
Evans,4
Thomas,4
Wilson,4
Johnson,4
Roberts,4
Robinson,4
Thompson,4
Wright,4
White,4
Edwards,4
Walker,4
Hughes,4
Green,4
Harris,4
Hall,4
Lewis,4
Clarke,4
Patel,4
Jackson,4
Wood,4
Martin,4
Turner,4
Cooper,4
Hill,4
Ward,4
Moore,4
Morris,4
Clark,4
King,4
Harrison,4
Lee,4
Baker,4
Allen,4
James,4
Morgan,4
Phillips,4
Scott,4
Parker,4
Price,4
Davis,4
Watson,4
Griffiths,4
Kelly,4
Mitchell,4
Young,4
Bennett,4
Bailey,4
Collins,4
Cook,4
Richardson,4
Carter,4
Shaw,4
Bell,4
Khan,4
Murphy,4
Richards,4
Marshall,4
Cox,4
Miller,4
Wilkinson,4
Anderson,4
Foster,4
Adams,4
Ellis,4
Begum,4
Singh,4
Simpson,4
Webb,4
Chapman,4
Rogers,4
Ali,4
Powell,4
Mason,4
Gray,4
Hunt,4
Lloyd,4
Barnes,4
Hussain,4
Mills,4
Owen,4
Palmer,4
Matthews,4
Knight,4
Butler,4
Holmes,4
Campbell,4
Harvey,4
Stevens,4
Dixon,4
Ahmed,4
Fletcher,4
Fisher,4
Jenkins,4
Graham,4
Russell,1
Pearson,1
Barker,1
Murray,1
Payne,1
Day,1
Howard,1
Ford,1
Gibson,1
Walsh,1
Saunders,1
Reynolds,1
Kaur,1
Pearce,1
Fox,1
Brooks,1
Elliott,1
West,1
Lawrence,1
Andrews,1
Stewart,1
Spencer,1
O'Brien,1
Ryan,1
Rose,1
Burton,1
Dawson,1
Booth,1
Cole,1
Atkinson,1
Gill,1
Bradley,1
Perry,1
Watts,1
Ball,1
Holland,1
Rees,1
Francis,1
Hayes,1
Barrett,1
Robertson,1
Webster,1
Newton,1
Stone,1
Parsons,1
Oliver,1
Lowe,1
Dunn,1
Armstrong,1
Grant,1
Woods,1
Hart,1
Berry,1
Riley,1
Hunter,1
Newman,1
Reid,1
Reed,1
Marsh,1
Porter,1
Carr,1
Hawkins,1
Gregory,1
Hudson,1
Harding,1
Wells,1
Page,1
Harper,1
Burgess,1
Long,1
Hamilton,1
Hopkins,1
Nicholson,1
Dean,1
O'Neill,1
Lane,1
Kennedy,1
Coleman,1
Williamson,1
Gardner,1
Bates,1
O'Connor,1
Bird,1
Burns,1
Hodgson,1
Ross,1
Shepherd,1
McCarthy,1
Byrne,1
Nicholls,1
Bishop,1
Henderson,1
Freeman,1
Parry,1
Walton,1
Yates,1
Moss,1
Warren,1
Shah,1
Sutton,1
Cooke,1
McDonald,1
Cross,1
Curtis,1
Robson,1
Chambers,1
Watkins,1
Jennings,1
Higgins,1
Barnett,1
George,1
Hammond,1
Tucker,1
Cunningham,1
Hardy,1
Blake,1
Davidson,1
Nash,1
Clayton,1
Akhtar,1
Gallagher,1
Quinn,1
Pritchard,1
Barber,1
Doyle,1
Jordan,1
Stokes,1
Gordon,1
Kemp,1
Stephens,1
Potter,1
Goodwin,1
Holt,1
Gilbert,1
Frost,1
Stevenson,1
Miles,1
Rowe,1
Stephenson,1
Buckley,1
Bond,1
Sullivan,1
Whitehead,1
Osborne,1
Bibi,1
Thomson,1
Willis,1
Lambert,1
Lynch,1
Slater,1
Walters,1
Read,1
Griffin,1
Greenwood,1
Nelson,1
Mann,1
Sharp,1
Burke,1
Barton,1
Baxter,1
Wallace,1
Wheeler,1
Hutchinson,1
Poole,1
Johnston,1
Austin,1
Woodward,1
Hewitt,1
May,1
Arnold,1
Savage,1
Rhodes,1
Hancock,1
Fowler,1
Bentley,1
Hartley,1
Tomlinson,1
Townsend,1
Ferguson,1
Reeves,1
Barlow,1
Short,1
Archer,1
Glover,1
Warner,1
Baldwin,1
Daniels,1
Macdonald,1
Kirk,1
Dale,1
Sanders,1
Wilkins,1
Burrows,1
Fraser,1
Wade,1
Jarvis,1
Farrell,1
Skinner,1
Birch,1
Kay,1
Lucas,1
Thorpe,1
Lawson,1
Howell,1
Dobson,1
Brennan,1
Morton,1
Abbott,1
Kirby,1
Atkins,1
Brookes,1
Stanley,1
Haynes,1
Dodd,1
Middleton,1
Lamb,1
Black,1
Dickinson,1
Simmons,1
Alexander,1
Carroll,1
Davison,1
Douglas,1
Field,1
Pugh,1
Patterson,1
Morley,1
Heath,1
O'Sullivan,1
Weston,1
Norris,1
Whittaker,1
Kent,1
Ashton,1
French,1
Duffy,1
Humphreys,1
Bradshaw,1
Gibbs,1
John,1
Morrison,1
Flynn,1
Parkinson,1
Todd,1
Miah,1
Waters,1
Knowles,1
Goddard,1
Peters,1
Briggs,1
Hicks,1
Banks,1
Davey,1
Perkins,1
Vaughan,1
Thornton,1
Cartwright,1
Little,1
Fuller,1
Holden,1
Smart,1
Bull,1
Bryant,1
Wong,1
Norman,1
Bowen,1
Bartlett,1
Howe,1
Wall,1
Preston,1
Hayward,1
Schofield,1
Winter,1
Metcalfe,1
Potts,1
Boyle,1
Howells,1
Sims,1
Manning,1
Collier,1
Holloway,1
Farmer,1
Rice,1
Bruce,1
Wallis,1
Hooper,1
Whitehouse,1
Iqbal,1
Lees,1
Browne,1
Connor,1
Daly,1
Bray,1
Wyatt,1
Gould,1
Dyer,1
Bryan,1
Pope,1
Steele,1
Marsden,1
Humphries,1
Lord,1
Noble,1
Carpenter,1
Chamberlain,1
Henry,1
Sharpe,1
Parkes,1
Herbert,1
Sinclair,1
McLean,1
Storey,1
Turnbull,1
Duncan,1
Sheppard,1
Butcher,1
Fry,1
Godfrey,1
Ingram,1
Nixon,1
Hargreaves,1
Chan,1
Connolly,1
Charlton,1
Hyde,1
Owens,1
Leach,1
North,1
Gibbons,1
Rowley,1
Hanson,1
Bolton,1
Craig,1
Allan,1
Sanderson,1
Pickering,1
Mahmood,1
Sykes,1
Crawford,1
Parkin,1
Power,1
Hale,1
Kerr,1
Pollard,1
Dennis,1
Joyce,1
Barry,1
Carey,1
Naylor,1
Randall,1
Bevan,1
Doherty,1
Swift,1
Tyler,1
Mellor,1
Talbot,1
Blackburn,1
Hurst,1
Houghton,1
Mistry,1
Donnelly,1
Horton,1
Benson,1
Vincent,1
Conway,1
Faulkner,1
Garner,1
Chandler,1
Hope,1
Pratt,1
Rahman,1
Myers,1
Peacock,1
Hilton,1
Moran,1
Welch,1
Clements,1
O'Donnell,1
Hobbs,1
Leonard,1
McKenzie,1
Fitzgerald,1
Coles,1
Forster,1
Gough,1
Law,1
Summers,1
Finch,1
Norton,1
Brady,1
Cameron,1
Gardiner,1
Lyons,1
Franklin,1
Chadwick,1
Howarth,1
Giles,1
Nolan,1
Coates,1
Fleming,1
