Beridze,4
Kapanadze,4
Gelashvili,4
Maisuradze,4
Abashidze,4
Japaridze,4
Tsintsadze,4
Mchedlidze,4
Giorgadze,4
Khutsishvili,4
Gogoladze,4
Lomidze,4
Chkheidze,4
Mikadze,4
Kavtaradze,4
Barbakadze,4
Nadiradze,4
Metreveli,4
Todua,4
Shengelia,4
Kvaratskhelia,4
Chanturia,4
Tsiskarishvili,4
Iashvili,4
Machavariani,4
Dolidze,4
Janashia,4
Oniani,4
Asatiani,4
Avaliani,4
Aladashvili,4
Amirejibi,4
Andronikashvili,4
Arabidze,4
Arveladze,4
Baramidze,4
Bakradze,4
Berishvili,4
Bochorishvili,4
Gabashvili,4
Gagnidze,4
Gamsakhurdia,4
Gegechkori,4
Goguadze,4
Gotsiridze,4
Grigolia,4
Dgebuadze,4
Eristavi,4
Vashadze,4
Zakariadze,4
Tarkhnishvili,4
Tevzadze,4
Topuria,4
Inashvili,4
Kalandadze,4
Kakabadze,4
Kiknadze,4
Kobakhidze,4
Kublashvili,4
Kuprashvili,4
Lortkipanidze,4
Maghlakelidze,4
Margvelashvili,4
Makharadze,4
Melikishvili,4
Menabde,4
Meparishvili,4
Mindadze,4
Mikeladze,4
Nozadze,4
Okruashvili,4
Papashvili,4
Pataridze,4
Razmadze,4
Ratiani,4
Robakidze,4
Rurua,4
Salukvadze,4
Samkharadze,4
Sikharulidze,4
Sulakauri,4
Tabidze,4
Tatishvili,4
Toradze,4
Panjikidze,4
Paghava,4
Kardava,4
Kobulia,4
Kutateladze,4
Shavgulidze,4
Sharashidze,4
Charkviani,4
Chikovani,4
Chkhartishvili,4
Tsertsvadze,4
Tsereteli,4
Chavchavadze,4
Khabeishvili,4
Khaindrava,4
Kharshiladze,4
Javakhishvili,1
Jibladze,1
Abdulaevi,1
Abesadze,1
Abramishvili,1
Abuladze,1
Adamia,1
Adeishvili,1
Aduashvili,1
Alania,1
Alieva,1
Alievi,1
Andghuladze,1
Antadze,1
Arabuli,1
Archvadze,1
Asanidze,1
Aptsiauri,1
Akhalaia,1
Akhaladze,1
Akhvlediani,1
Akhobadze,1
Bakuradze,1
Baliashvili,1
Basilashvili,1
Basiladze,1
Bakhtadze,1
Begiashvili,1
Bendeliani,1
Benidze,1
Bezhanishvili,1
Bezhanidze,1
Beraia,1
Beradze,1
Berianidze,1
Beriashvili,1
Beruashvili,1
Berulava,1
Berdzenishvili,1
Bekauri,1
Bibilashvili,1
Bigvava,1
Bitsadze,1
Bliadze,1
Bokuchava,1
Bolkvadze,1
Bregadze,1
Bregvadze,1
Bukia,1
Burduli,1
Burjanadze,1
Buchukuri,1
Butskhrikidze,1
Gabaidze,1
Gabedava,1
Gabelia,1
Gabrichidze,1
Gabunia,1
Gagua,1
Gaprindashvili,1
Gachechiladze,1
Gajieva,1
Gajievi,1
Gegeshidze,1
Geladze,1
Gvazava,1
Gvasalia,1
Gvelesiani,1
Gvenetadze,1
Gigauri,1
Giorgobiani,1
Gobejishvili,1
Gogaladze,1
Gogia,1
Gogiashvili,1
Goginashvili,1
Gogitidze,1
Gogishvili,1
Gogichaishvili,1
Gogichashvili,1
Gogidze,1
Gogokhia,1
Gogsadze,1
Gogua,1
Gorgadze,1
Gorgiladze,1
Gorgodze,1
Grigalashvili,1
Grigoriani,1
Grdzelishvili,1
Guliashvili,1
Gulua,1
Gumberidze,1
Gurgenidze,1
Gureshidze,1
Guruli,1
Gujabidze,1
Davitashvili,1
Davitadze,1
Dalakishvili,1
Danelia,1
Darbaidze,1
Devadze,1
Devidze,1
Demetrashvili,1
Dvali,1
Dvalishvili,1
Diasamidze,1
Dumbadze,1
Elbakidze,1
Elizbarashvili,1
Enukidze,1
Valieva,1
Valievi,1
Vardosanidze,1
Varshanidze,1
Vasadze,1
Vashakidze,1
Vashaqmadze,1
Vekua,1
Zarandia,1
Zaridze,1
Zarkua,1
Zedginidze,1
Zoidze,1
Zurabashvili,1
Tabagari,1
Tavartkiladze,1
Tavadze,1
Tedoradze,1
Tolordava,1
Turmanidze,1
Iluridze,1
Imerlishvili,1
Imnadze,1
Inasaridze,1
Iobidze,1
Iremashvili,1
Iremadze,1
Isaevi,1
Kazariani,1
Kakauridze,1
Kakulia,1
Kalandia,1
Kandelaki,1
Karapetiani,1
Katsadze,1
Katsitadze,1
Kacharava,1
Kakhadze,1
Kakhidze,1
Kevlishvili,1
Kekelidze,1
Kereselidze,1
Kvantaliani,1
Kvachadze,1
Kvernadze,1
Kvinikadze,1
Kvirikashvili,1
Kvirkvelia,1
Kikvadze,1
Kilasonia,1
Kiladze,1
Kintsurashvili,1
Kirvalidze,1
Kirtadze,1
Kirkitadze,1
Kobaidze,1
Koberidze,1
Kobiashvili,1
Kontselidze,1
Kopaliani,1
Kopadze,1
Kokhreidze,1
Kupatadze,1
Kupreishvili,1
Kurtanidze,1
Kuchava,1
Kuchukhidze,1
Kukhianidze,1
Labadze,1
Lagvilava,1
Lataria,1
Latsabidze,1
Lezhava,1
Liparteliani,1
Lobzhanidze,1
Lobjanidze,1
Loladze,1
Lomadze,1
Lomtadze,1
Lomsadze,1
Lursmanashvili,1
Mazmishvili,1
Matiashvili,1
Mamaladze,1
Mamulashvili,1
Mamuladze,1
Managadze,1
Maghradze,1
Machitidze,1
Macharashvili,1
Makhatadze,1
Makharashvili,1
Mgaloblishvili,1
Mgeladze,1
Megrelishvili,1
Meladze,1
Melikidze,1
Melkadze,1
Merabishvili,1
Merebashvili,1
Meskhi,1
Miminoshvili,1
Mindiashvili,1
Mikaberidze,1
Mikava,1
Modebadze,1
Mosiashvili,1
Mzhavanadze,1
Mumladze,1
Musaeva,1
Musaevi,1
Mustapaeva,1
Mustapaevi,1
Mushkudiani,1
Mghebrishvili,1
Mchedlishvili,1
Nabievi,1
Nadirashvili,1
Nakashidze,1
Narimanidze,1
Nasqidashvili,1
Natroshvili,1
Natsvlishvili,1
Nachqebia,1
Nebieridze,1
Nemsadze,1
Neparidze,1
Nikolaishvili,1
Nikoleishvili,1
Nizharadze,1
Nikabadze,1
Nutsubidze,1
Otarashvili,1
Okropiridze,1
Pavliashvili,1
Papava,1
Papiashvili,1
Papidze,1
Papuashvili,1
Pataraia,1
Petriashvili,1
Petrosiani,1
Zhvania,1
Zhorzholiani,1
Zhghenti,1
Ramishvili,1
Revazishvili,1
Rekhviashvili,1
Rogava,1
Rostiashvili,1
Rukhadze,1
Samushia,1
Sanikidze,1
Saralidze,1
Sarkisiani,1
Sajaia,1
Sekhniashvili,1
Svanidze,1
Silagadze,1
Simonishvili,1
Siradze,1
Sirbiladze,1
Sichinava,1
Sopromadze,1
Sulaberidze,1
Surmanidze,1
Skhirtladze,1
Tabatadze,1
Takidze,1
Talakhadze,1
Turashvili,1
Tughushi,1
Tqebuchava,1
Tqemaladze,1
Tqeshelashvili,1
Ugrekhelidze,1
Urushadze,1
Pantsulaia,1
Partenadze,1
Partsvania,1
Peikrishvili,1
Peradze,1
Pirtskhalava,1
Pipia,1
Pitskhelauri,1
Popkhadze,1
Putkaradze,1
Pkhakadze,1
Pkhaladze,1
Katamadze,1
Kamadadze,1
Kantaria,1
Kartvelishvili,1
Karchava,1
Kartsivadze,1
Kajaia,1
Kevkhishvili,1
Kiria,1
Kobalia,1
Kobuladze,1
Koridze,1
Kurdadze,1
Ghambashidze,1
Gharibashvili,1
Ghviniashvili,1
Ghvinjilia,1
Ghlonti,1
Ghonghadze,1
Ghurtskaia,1
Qavelashvili,1
Qipiani,1
Qipshidze,1
Qolbaia,1
Qurashvili,1
Shavadze,1
Shatirishvili,1
Shainidze,1
Shalamberidze,1
Shamatava,1
Shamugia,1
Shanidze,1
Sharikadze,1
Shelia,1
Sheqiladze,1
Shvelidze,1
Shonia,1
Shubitidze,1
Shukakidze,1
Chaduneli,1
Chakvetadze,1
Chapidze,1
Chachanidze,1
Chachua,1
Chinchaladze,1
Chikhladze,1
Chokheli,1
Chubinidze,1
Chkhaidze,1
Chkhikvadze,1
Tsaava,1
Tsanava,1
Tsartsidze,1
Tsetskhladze,1
Tsirekidze,1
Tsomaia,1
Tsutskiridze,1
Tskhadadze,1
Dzidziguri,1
Dzneladze,1
Tsiklauri,1
Tsikarishvili,1
Tsulaia,1
Tsulukidze,1
Tsurtsumia,1
Chanturidze,1
Chaghalidze,1
Cheishvili,1
Chelidze,1
Chitanava,1
Chincharauli,1
Chighladze,1
Chichinadze,1
Chkadua,1
Chumburidze,1
Khalvashi,1
Kharabadze,1
Kharazishvili,1
Kharaishvili,1
Kharatishvili,1
Kharebava,1
Kharchilava,1
Khatiashvili,1
Khachaturiani,1
Khachidze,1
Khachapuridze,1
Kheladze,1
Khetsuriani,1
Khvedelidze,1
Khvichia,1
Khizanishvili,1
Khimshiashvili,1
Khmaladze,1
Khozrevanidze,1
Khorava,1
Khurtsilava,1
Khurtsidze,1
Jaiani,1
Jalaghonia,1
