László,4
István,4
József,4
János,4
Zoltán,4
Sándor,4
Gábor,4
Ferenc,4
Attila,4
Péter,4
Tamás,4
Zsolt,4
Tibor,4
András,4
Csaba,4
Imre,4
Lajos,4
György,4
Balázs,4
Gyula,4
Mihály,4
Róbert,4
Károly,4
Dávid,4
Dániel,4
Ádám,4
Béla,4
Krisztián,4
Miklós,4
Norbert,4
Bence,4
Máté,4
Pál,4
Gergő,4
Roland,4
Szabolcs,2
Bálint,2
Levente,2
Márk,2
Richárd,2
Antal,2
Gergely,2
Ákos,2
Viktor,2
Árpád,2
Márton,2
Géza,2
Kristóf,2
Milán,2
Dominik,2
Patrik,2
Martin,2
Barnabás,2
Jenő,2
Kálmán,2
Marcell,2
Áron,2
Mátyás,2
Ernő,2
Endre,2
Botond,2
Zsombor,2
Dezső,2
Olivér,2
Nándor,2
Szilárd,1
Erik,1
Alex,1
Benedek,1
Vilmos,1
Kornél,1
Zalán,1
Dénes,1
Ottó,1
Benjámin,1
Bertalan,1
Kevin,1
Adrián,1
Rudolf,1
Noel,1
Albert,1
Vince,1
Ervin,1
Győző,1
Zsigmond,1
Andor,1
Iván,1
Szilveszter,1
Gusztáv,1
Barna,1
Ábel,1
Hunor,1
Arnold,1
Csongor,1
Elemér,1
Krisztofer,1
Bendegúz,1
Emil,1
Tivadar,1
Henrik,1
