Mária,4
Erzsébet,4
Katalin,4
Éva,4
Ilona,4
Anna,4
Zsuzsanna,4
Margit,4
Judit,4
Ágnes,4
Andrea,4
Ildikó,4
Julianna,4
Erika,4
Krisztina,4
Irén,4
Eszter,4
Mónika,4
Magdolna,4
Edit,4
Gabriella,4
Szilvia,4
Anita,4
Viktória,4
Anikó,4
Márta,4
Tímea,4
Rozália,4
Piroska,4
Ibolya,4
Klára,4
Tünde,4
Dóra,4
Zsófia,4
Alexandra,4
Veronika,2
Gizella,2
Csilla,2
Nikolett,2
Melinda,2
Réka,2
Nóra,2
Terézia,2
Adrienn,2
Beáta,2
Marianna,2
Vivien,2
Renáta,2
Barbara,2
Enikő,2
Bernadett,2
Rita,2
Brigitta,2
Edina,2
Hajnalka,2
Gyöngyi,2
Petra,2
Boglárka,2
Orsolya,2
Jolán,2
Noémi,2
Etelka,2
Valéria,2
Fanni,2
Borbála,2
Annamária,1
Kitti,1
Teréz,1
Nikoletta,1
Laura,1
Emese,1
Lilla,1
Hanna,1
Aranka,1
Kinga,1
Klaudia,1
Anett,1
Róza,1
Lili,1
Zita,1
Dorina,1
Emma,1
Beatrix,1
Zsanett,1
Sára,1
Bianka,1
Rózsa,1
Jázmin,1
Luca,1
Júlia,1
Diána,1
Henrietta,1
Györgyi,1
Irma,1
Dorottya,1
Bettina,1
Mariann,1
Virág,1
Gréta,1
Rebeka,1
