Rossi,4
Russo,4
Ferrari,4
Esposito,4
Bianchi,4
Romano,4
Colombo,4
Ricci,4
Marino,4
Greco,4
Bruno,4
Gallo,4
Conti,4
De,4
Luca,4
Mancini,4
Costa,4
Giordano,4
Rizzo,4
Lombardi,4
Moretti,4
Barbieri,4
Fontana,4
Santoro,4
Mariani,4
Rinaldi,4
Caruso,4
Ferrara,4
Galli,4
Martini,4
Leone,4
Longo,4
Gentile,4
Martinelli,4
Vitale,4
Lombardo,4
Serra,4
Coppola,4
Santis,4
D'Angelo,4
Marchetti,4
Parisi,4
Villa,4
Conte,4
Ferraro,4
Fabbri,4
Bianco,4
Marini,4
Grasso,4
Valentini,4
Messina,4
Sala,4
Angelis,4
Gatti,4
Pellegrini,4
Palumbo,4
Sanna,4
Farina,4
Riva,4
Monti,4
Cattaneo,4
Morelli,4
Amato,4
Silvestri,4
Mazza,4
Testa,4
Grassi,4
Pellegrino,4
Carbone,4
Giuliani,4
Benedetti,4
Barone,4
Rossetti,4
Caputo,4
Montanari,4
Guerra,4
Palmieri,4
Bernardi,4
Martino,4
Fiore,4
Rosa,4
Ferretti,4
Bellini,4
Basile,4
Rizzi,4
Donati,4
Orlandi,4
Piras,4
Valli,4
Ruggiero,4
Marconi,4
Neri,4
Pagano,4
Sorrentino,4
Damico,4
Orlando,4
Negri,4
Bellucci,4
Corradi,4
Bassi,4
Abatantuono,1
Abate,1
Abba,1
Abbagnale,1
Accardo,1
Acerbi,1
Adinolfi,1
Agazzi,1
Agnesi,1
Agostinelli,1
Agostini,1
Ajello,1
Albertini,1
Alboni,1
Aldobrandi,1
Alfieri,1
Alfonsi,1
Alighieri,1
Almagià,1
Aloisio,1
Alonzi,1
Altera,1
Amaldi,1
Ammaniti,1
Anastasi,1
Andreotti,1
Andreozzi,1
Angeli,1
Angiolello,1
Anguillara,1
Anguissola,1
Anichini,1
Antelami,1
Antonacci,1
Antonelli,1
Antonello,1
Antonetti,1
Antonini,1
Antonioni,1
Antonucci,1
Aporti,1
Argan,1
Argentero,1
Argenti,1
Argento,1
Argurio,1
Ariasso,1
Ariosto,1
Armani,1
Armellini,1
Asmundo,1
Asprucci,1
Aulenti,1
Avogadro,1
Babati,1
Babato,1
Babbo,1
Bacosi,1
Badoer,1
Badoglio,1
Baggio,1
Baglioni,1
Bajamonti,1
Bajardi,1
Balbi,1
Balbo,1
Balla,1
Balotelli,1
Bandello,1
Baracca,1
Barbarigo,1
Barberini,1
Barcaccia,1
Barcella,1
Barese,1
Baresi,1
Barillaro,1
Baroffio,1
Barozzi,1
Barracco,1
Barsanti,1
Bartoli,1
Barzini,1
Basadonna,1
Basso,1
Bataglia,1
Battaglia,1
Battelli,1
Battisti,1
Bazzi,1
Beccaria,1
Beccheria,1
Beffa,1
Belletini,1
Bellocchio,1
Bellò,1
Bembo,1
Benigni,1
Benussi,1
Berengario,1
Bergoglio,1
Berlusconi,1
Bernardini,1
Bernetti,1
Bernini,1
Berrè,1
Bersani,1
Bertoli,1
Bertolucci,1
Bertoni,1
Bettin,1
Bettoni,1
Bevilacqua,1
Biagi,1
Biagiotti,1
Bianchini,1
Bignami,1
Bignardi,1
Binaghi,1
Bixio,1
Blasi,1
Boaga,1
Bocca,1
Boccaccio,1
Boccherini,1
Boccioni,1
Bocelli,1
Bodoni,1
Boezio,1
Boiardo,1
Boitani,1
Boito,1
Boldù,1
Bombieri,1
Bompiani,1
Bonanno,1
Bonatti,1
Bonaventura,1
Bondumier,1
Bongiorno,1
Bonino,1
Bonolis,1
Bonomo,1
Borghese,1
Borgia,1
Borrani,1
Borromeo,1
Borromini,1
Borroni,1
Borsellino,1
Borsiere,1
Borzomì,1
Bosio,1
Bossi,1
Bosurgi,1
Botta,1
Bottaro,1
Botticelli,1
Bottigliero,1
Bova,1
Bragadin,1
Bragaglia,1
Bramante,1
Brambilla,1
Brancaccio,1
Branciforte,1
Brenna,1
Bresciani,1
Briccialdi,1
Brichese,1
Broggini,1
Broschi,1
Brugnaro,1
Brunelleschi,1
Brunello,1
Bruscantini,1
Bulzoni,1
Buonauro,1
Burcardo,1
Buscetta,1
Busoni,1
Cabibbo,1
Caboto,1
Cabrini,1
Caccianemico,1
Caccioppoli,1
Cadorna,1
Caetani,1
Cafarchia,1
Caffarelli,1
Cagnin,1
Cagnotto,1
Cainero,1
Caironi,1
Calarco,1
Calbo,1
Calgari,1
Callegari,1
Callegaro,1
Calvo,1
Camanni,1
Camicione,1
Camilleri,1
Camiscione,1
Cammarata,1
Campanella,1
Campano,1
Campise,1
Camuccini,1
Canali,1
Canetta,1
Canevascini,1
Canil,1
Cannizzaro,1
Canova,1
Cantimori,1
Capecchi,1
Capone,1
Cappelli,1
Capuana,1
Caracciolo,1
Cardano,1
Carducci,1
Carfagna,1
Carli,1
Carnera,1
Carocci,1
Carosone,1
Carpaccio,1
Carriera,1
Carullo,1
Casadei,1
Casagrande,1
Casale,1
Casaleggio,1
Casalodi,1
Casarin,1
Casellati,1
Casini,1
Cassarà,1
Castelli,1
Castellitto,1
Castiglione,1
Castioni,1
Catalano,1
Catenazzi,1
Cavalcanti,1
Cavanna,1
Ceci,1
Celentano,1
Cendron,1
Ceravolo,1
Ceri,1
Cerquiglini,1
Cerutti,1
Cesaroni,1
Cesarotti,1
Ceschi,1
Chechi,1
Cheda,1
Cherubini,1
Chiappetta,1
Chiaramonte,1
Chiesa,1
Chigi,1
Chindamo,1
Chinnici,1
Chittolini,1
Ciampi,1
Cianciolo,1
Ciani,1
Cibin,1
Cicala,1
Cicilia,1
Cignaroli,1
Cilea,1
Cilibrasi,1
Cimarosa,1
Cimini,1
Cipolla,1
Civaschi,1
Coardi,1
Cocci,1
Cociarelli,1
Colletti,1
Collina,1
Collodi,1
Columbo,1
Combi,1
Comboni,1
Comencini,1
Comeriato,1
Comisso,1
Comolli,1
Condoleo,1
Contarini,1
Contrafatto,1
Corbo,1
Corcos,1
Correr,1
Cortese,1
Cossiga,1
Costalonga,1
Costanzi,1
Cremonesi,1
Crespi,1
Crisafulli,1
Crispi,1
Cristoforetti,1
Cuda,1
Cugia,1
Cundari,1
Cuomo,1
Curatoli,1
Curci,1
Curiel,1
Cusano,1
Cutrufo,1
Cutuli,1
Cuzzocrea,1
Dalla,1
Dallapé,1
Dallara,1
Dandolo,1
Deledda,1
Delle,1
Dellucci,1
Depero,1
Desio,1
Detti,1
Dibiasi,1
Disdero,1
Doglioni,1
Donarelli,1
Donatoni,1
Donini,1
Donà,1
Doria,1
Dossetti,1
Dossi,1
Dovara,1
Draghi,1
Druso,1
Dulbecco,1
Duodo,1
Durante,1
Duse,1
Eco,1
Einaudi,1
Emanuelli,1
Emo,1
Endrizzi,1
Errani,1
Errigo,1
Fabrizi,1
Faggiani,1
Fagiani,1
Fagotto,1
Falcone,1
Falier,1
Fallaci,1
Falloppio,1
Fantini,1
Fantoni,1
Fantozzi,1
Fanucci,1
Faranda,1
Farinelli,1
Farnese,1
Fattori,1
Faugno,1
Favata,1
Federici,1
Federico,1
Fermi,1
Ferrabosco,1
Ferragamo,1
Ferragni,1
Ferrante,1
Ferraris,1
Ferrata,1
Ferrazzi,1
Ferrucci,1
Fibonacci,1
Ficino,1
Fieramosca,1
Filangieri,1
Filippelli,1
Filippini,1
Filogamo,1
Filzi,1
Finetti,1
Finotto,1
Finzi,1
Fioravanti,1
Fiorucci,1
Fischetti,1
Fittipaldi,1
Flaiano,1
Florio,1
