Āboliņš,4
Ābols,4
Alksnis,4
Apinis,4
Apsītis,4
Auniņš,4
Auziņš,4
Avotiņš,4
Balodis,4
Baltiņš,4
Bērziņš,4
Birznieks,4
Briedis,4
Celmiņš,4
Celms,4
Cīrulis,4
Dzenis,4
Dūmiņš,4
Eglītis,4
Jaunzems,4
Kalējs,4
Kalniņš,4
Kaņeps,4
Kārkliņš,4
Kauliņš,4
Kļaviņš,4
Krastiņš,4
Krēsliņš,4
Krieviņš,4
Krievs,4
Krūmiņš,4
Kundziņš,4
Lācis,4
Lagzdiņš,4
Līcis,4
Liepiņš,4
Lukstiņš,4
Lūsis,4
Pērkons,4
Podnieks,4
Polis,4
Priedītis,4
Puriņš,4
Purmals,4
Riekstiņš,4
Rozītis,4
Rubenis,4
Rudzītis,4
Saulītis,4
Siliņš,4
Skujiņš,4
Sproģis,4
Strazdiņš,4
Turiņš,4
Vanags,4
Vilciņš,4
Vilks,4
Vītoliņš,4
Vītols,4
Zaķis,4
Zālītis,4
Zariņš,4
Zeltiņš,4
Ziemelis,4
Zirnis,4
Zvirbulis,4
Barons,4
Birkavs,4
Brencis,4
Brice,4
Caune,4
Cigaņiks,4
Čaklais,4
Dašķevičs,4
Ezeriņš,4
Ēķis,4
Garanča,4
Grabovskis,4
Gutkovskis,4
Ģīlis,4
Ikaunieks,4
Jansons,4
Jurkovskis,4
Ķirsis,4
Ozols,4
Ozoliņš,4
Liepa,4
Priede,4
Roze,4
Skuja,4
Vīksna,4
Zvaigzne,4
Bite,4
Paegle,4
Ābele,4
Bērzņš,1
Bērzītis,1
Bērznieks,1
Kalnņš,1
Kalnītis,1
Kalnnieks,1
Liepiītis,1
Liepinieks,1
Ozoliītis,1
Ozolinieks,1
Krūmiītis,1
Krūminieks,1
Egliņš,1
Egliītis,1
Eglinieks,1
Zariītis,1
Zarinieks,1
Avotiītis,1
Avotinieks,1
Priedņš,1
Priednieks,1
Kļaviītis,1
Kļavinieks,1
Celmiītis,1
Celminieks,1
Upiņš,1
Upiītis,1
Upinieks,1
Lauciņš,1
Lauciītis,1
Laucinieks,1
Mežiņš,1
Mežiītis,1
Mežinieks,1
Vilciītis,1
Vilcinieks,1
Lāciņš,1
Lāciītis,1
Lācinieks,1
Zaķiņš,1
Zaķiītis,1
Zaķinieks,1
Vanagiņš,1
Vanagiītis,1
Vanaginieks,1
Balodiņš,1
Balodiītis,1
Balodinieks,1
Cīruliņš,1
Cīruliītis,1
Cīrulinieks,1
Strazdiītis,1
Strazdinieks,1
Rudziņš,1
Rudziītis,1
Rudzinieks,1
Āboliītis,1
Ābolinieks,1
Vītoliītis,1
Vītolinieks,1
Siliītis,1
Silinieks,1
Krastiītis,1
Krastinieks,1
Graviņš,1
Graviītis,1
Gravinieks,1
Dārziņš,1
Dārziītis,1
Dārzinieks,1
Akmeņņš,1
Akmeņītis,1
Akmeņnieks,1
Pērkonņš,1
Pērkonītis,1
Pērkonnieks,1
Sauliņš,1
Sauliītis,1
Saulinieks,1
Rozņš,1
Roznieks,1
Skujņš,1
Skujītis,1
Skujnieks,1
Apsņš,1
Apsnieks,1
Auziītis,1
Auzinieks,1
Briedņš,1
Briedītis,1
Briednieks,1
Dūmņš,1
Dūmītis,1
Dūmnieks,1
Kārkliītis,1
Kārklinieks,1
Kauliītis,1
Kaulinieks,1
Riekstiītis,1
Riekstinieks,1
Rubeniņš,1
Rubeniītis,1
Rubeninieks,1
Zeltiītis,1
Zeltinieks,1
Ziemelņš,1
Ziemelītis,1
Ziemelnieks,1
Zvirbuliņš,1
Zvirbuliītis,1
Zvirbulinieks,1
Lazdiņš,1
Lazdiītis,1
Lazdinieks,1
Ošiņš,1
Ošiītis,1
Ošinieks,1
Kadiķņš,1
Kadiķītis,1
Kadiķnieks,1
Meldrņš,1
Meldrītis,1
Meldrnieks,1
Lejiņš,1
Lejiītis,1
Lejinieks,1
Pakalnņš,1
Pakalnītis,1
Pakalnnieks,1
Ezermņš,1
Ezermītis,1
Ezermnieks,1
Laukņš,1
Laukītis,1
Lauknieks,1
Birzņš,1
Birzītis,1
Vējiņš,1
Vējiītis,1
Vējinieks,1
Ziedņš,1
Ziedītis,1
Ziednieks,1
Miezņš,1
Miezītis,1
Mieznieks,1
Krauklņš,1
Krauklītis,1
Krauklnieks,1
Gulbņš,1
Gulbītis,1
Gulbnieks,1
Sproģņš,1
Sproģītis,1
Sproģnieks,1
Puriītis,1
Purinieks,1
Jānisons,1
Pēterisons,1
Kārlisons,1
Andrejsons,1
Jurisons,1
Aleksandrsons,1
Andrisons,1
Mārtsons,1
Artūrsons,1
Edgarsons,1
Robertsons,1
Viktorsons,1
Oskarsons,1
Jēkabsons,1
Kristapsons,1
Mārisons,1
Aivarsons,1
Uldisons,1
Valdisons,1
Imantsons,1
Ivarsons,1
Gunārsons,1
Guntisons,1
Raimondsons,1
Viestursons,1
Krišjānisons,1
Jāzepsons,1
Augustsons,1
Eduardsons,1
Ernestsons,1
Teodorsons,1
Rūdolfsons,1
Voldemārsons,1
Arvīdsons,1
Albertsons,1
Henriksons,1
Hermanisons,1
Fricisons,1
Ģirtsons,1
Kasparsons,1
Ādamsons,1
Ādolfsons,1
Agrisons,1
Aigarsons,1
Ainārsons,1
Aldisons,1
Alfrēdsons,1
Andrešsons,1
Ansisons,1
Antonsons,1
Armandsons,1
Arnisons,1
Arnoldsons,1
Artisons,1
Artursons,1
Bērendsons,1
Bērtulisons,1
Brencisons,1
Dainisons,1
Danielsons,1
Dāvisons,1
Dzintarsons,1
Edmundsons,1
Edvīnsons,1
Egilsons,1
Elmārsons,1
Elvisons,1
Emīlsons,1
Ēriksons,1
Ermanisons,1
Ēvaldsons,1
Gatisons,1
Guntarsons,1
Ģedertsons,1
Hanssons,1
Harijsons,1
Igorsons,1
Ilmārsons,1
Indriķisons,1
Ivosons,1
Jakobsons,1
Janisons,1
Jannisons,1
Jēkaubsons,1
Jezupsons,1
Johansons,1
Jūlijsons,1
Konradusons,1
Kristersons,1
Kristsons,1
Krišsons,1
Laimonisons,1
Laurisons,1
Leonsons,1
Macsons,1
Mareksons,1
Matīssons,1
Mihelsons,1
Mikelsons,1
Miķelisons,1
Jaunkalns,1
Jaunozols,1
Jaunbērzs,1
Jaunliepa,1
Jaunpriede,1
Jaunavots,1
Jaunkrasts,1
Jaunmežs,1
Jaunlauks,1
Jaunupe,1
Jaunezers,1
Jauncelms,1
Jaunzars,1
Jaunakmens,1
Jaunvējš,1
Veckalns,1
Vecozols,1
Vecbērzs,1
Vecliepa,1
Vecpriede,1
Vecavots,1
Veckrasts,1
Vecmežs,1
Veclauks,1
Vecupe,1
Vecezers,1
Veccelms,1
Veczars,1
Vecakmens,1
Vecvējš,1
Lielkalns,1
Lielozols,1
Lielbērzs,1
Lielliepa,1
Lielpriede,1
Lielavots,1
Lielkrasts,1
Lielmežs,1
Liellauks,1
Lielupe,1
Lielezers,1
Lielcelms,1
Lielzars,1
Lielakmens,1
Lielvējš,1
Mazkalns,1
Mazozols,1
Mazbērzs,1
Mazliepa,1
Mazpriede,1
Mazavots,1
Mazkrasts,1
Mazmežs,1
Mazlauks,1
Mazupe,1
Mazezers,1
Mazcelms,1
Mazzars,1
Mazakmens,1
Mazvējš,1
Mežkalns,1
Mežozols,1
Mežbērzs,1
Mežliepa,1
Mežpriede,1
Mežavots,1
Mežkrasts,1
Mežlauks,1
Mežupe,1
Mežezers,1
Mežcelms,1
Mežzars,1
Mežakmens,1
Mežvējš,1
Kalnozols,1
Kalnbērzs,1
Kalnliepa,1
Kalnpriede,1
Kalnavots,1
Kalnkrasts,1
Kalnmežs,1
Kalnlauks,1
Kalnupe,1
Kalnezers,1
Kalncelms,1
Kalnzars,1
Kalnakmens,1
Kalnvējš,1
Lejkalns,1
Lejozols,1
Lejbērzs,1
Lejliepa,1
Lejpriede,1
Lejavots,1
Lejkrasts,1
Lejmežs,1
Lejlauks,1
Lejupe,1
Lejezers,1
Lejcelms,1
Lejzars,1
Lejakmens,1
Lejvējš,1
Upkalns,1
Upozols,1
Upbērzs,1
Upliepa,1
Uppriede,1
Upavots,1
Upkrasts,1
Upmežs,1
Uplauks,1
Upezers,1
Upcelms,1
Upzars,1
Upakmens,1
Upvējš,1
Ezerkalns,1
Ezerozols,1
Ezerbērzs,1
Ezerliepa,1
Ezerpriede,1
Ezeravots,1
Ezerkrasts,1
Ezermežs,1
Ezerlauks,1
Ezerupe,1
Ezercelms,1
Ezerzars,1
Ezerakmens,1
Ezervējš,1
Laukkalns,1
Laukozols,1
Laukbērzs,1
Laukliepa,1
Laukpriede,1
Laukavots,1
Laukkrasts,1
Laukmežs,1
Laukupe,1
Laukezers,1
Laukcelms,1
Laukzars,1
Laukakmens,1
Laukvējš,1
Augstkalns,1
Augstozols,1
Augstbērzs,1
