Popescu,4
Ionescu,4
Popa,4
Radu,4
Dumitru,4
Stan,4
Stoica,4
Gheorghe,4
Matei,4
Ciobanu,4
Constantin,4
Marin,4
Tudor,4
Dobre,4
Barbu,4
Florea,4
Enache,4
Ilie,4
Mihai,4
Ștefan,4
Petrescu,4
Georgescu,4
Dumitrescu,4
Marinescu,4
Stanescu,4
Stănescu,4
Rădulescu,4
Iliescu,4
Constantinescu,4
Niculescu,4
Alexandrescu,4
Vasilescu,4
Grigorescu,4
Dinescu,4
Andreescu,4
Pavelescu,4
Mihăilescu,4
Simionescu,4
Tudorescu,4
Oprea,4
Munteanu,4
Moldovan,4
Ardelean,4
Ungureanu,4
Mocanu,4
Cojocaru,4
Croitoru,4
Fieraru,4
Moraru,4
Rotaru,4
Dogaru,4
Olaru,4
Păun,4
Pârvu,4
Neagu,4
Lupu,4
Ursu,4
Vulpe,4
Rusu,4
Roșu,4
Negru,4
Albu,4
Călin,4
Cazan,4
Cernat,4
Chiriac,4
Crăciun,4
Damian,4
Diaconu,4
Drăgan,4
Ene,4
Filip,4
Ganea,4
Gavrilă,4
Iacob,4
Isac,4
Luca,4
Manole,4
Mărculescu,4
Moga,4
Nistor,4
Olteanu,4
Păduraru,4
Pascu,4
Preda,4
Roman,4
Sandu,4
Sava,4
Toma,4
Vasile,4
Zamfir,4
Aanei,4
Ababei,4
Abrudan,4
Ailenei,4
Apostol,4
Bălan,4
Bărbulescu,4
Botezatu,4
Bucur,4
Ioneanu,1
Ionanu,1
Petreanu,1
Petranu,1
Georgeanu,1
Georganu,1
Georghescu,1
Georgheanu,1
Georghanu,1
Dumitreanu,1
Dumitranu,1
Marineanu,1
Marinanu,1
Stăneanu,1
Stănanu,1
Răduleanu,1
Rădulanu,1
Ilieanu,1
Ilianu,1
Constantineanu,1
Constantinanu,1
Niculeanu,1
Niculanu,1
Vasileanu,1
Vasilanu,1
Grigoreanu,1
Grigoranu,1
Andrescu,1
Andreanu,1
Andranu,1
Paveleanu,1
Pavelanu,1
Mihăileanu,1
Mihăilanu,1
Ștefănescu,1
Ștefăneanu,1
Ștefănanu,1
Simioneanu,1
Simionanu,1
Tudoreanu,1
Tudoranu,1
Alexandreanu,1
Alexandranu,1
Mateescu,1
Mateeanu,1
Mateanu,1
Iancescu,1
Ianceanu,1
Iancanu,1
Lucescu,1
Luceanu,1
Lucanu,1
Tomescu,1
Tomeanu,1
Tomanu,1
Savescu,1
Saveanu,1
Savanu,1
Dineanu,1
Dinanu,1
Costachescu,1
Costacheanu,1
Costachanu,1
Manolescu,1
Manoleanu,1
Manolanu,1
Nistorescu,1
Nistoreanu,1
Nistoranu,1
Predescu,1
Predeanu,1
Predanu,1
Sandescu,1
Sandeanu,1
Sandanu,1
Dobrescu,1
Dobreanu,1
Dobranu,1
Barbescu,1
Barbeanu,1
Barbanu,1
Oprescu,1
Opreanu,1
Opranu,1
Neagescu,1
Neageanu,1
Neaganu,1
Pascescu,1
Pasceanu,1
Pascanu,1
Filipescu,1
Filipeanu,1
Filipanu,1
Damianescu,1
Damianeanu,1
Damiananu,1
Gavrilescu,1
Gavrileanu,1
Gavrilanu,1
Iacobescu,1
Iacobeanu,1
Iacobanu,1
Isacescu,1
Isaceanu,1
Isacanu,1
Mihalachescu,1
Mihalacheanu,1
Mihalachanu,1
Chiriacescu,1
Chiriaceanu,1
Chiriacanu,1
Crăciunescu,1
Crăciuneanu,1
Crăciunanu,1
Călinescu,1
Călineanu,1
Călinanu,1
Cazanescu,1
Cazaneanu,1
Cazananu,1
Drăganescu,1
Drăganeanu,1
Drăgananu,1
Enescu,1
Eneanu,1
Enanu,1
Păunescu,1
Păuneanu,1
Păunanu,1
Zamfirescu,1
Zamfireanu,1
Zamfiranu,1
Răducescu,1
Răduceanu,1
Răducanu,1
Stoianescu,1
Stoianeanu,1
Stoiananu,1
Voicescu,1
Voiceanu,1
Voicanu,1
Vladescu,1
Vladeanu,1
Vladanu,1
Mircescu,1
Mirceanu,1
Mircanu,1
Danescu,1
Daneanu,1
Dananu,1
Sorinescu,1
Sorineanu,1
Sorinanu,1
Florinescu,1
Florineanu,1
Florinanu,1
Emilescu,1
Emileanu,1
Emilanu,1
Teodorescu,1
Teodoreanu,1
Teodoranu,1
Victorescu,1
Victoreanu,1
Victoranu,1
Traianescu,1
Traianeanu,1
Traiananu,1
Ovidescu,1
Ovideanu,1
Ovidanu,1
Lucianescu,1
Lucianeanu,1
Luciananu,1
Valentinescu,1
Valentineanu,1
Valentinanu,1
Gabrielescu,1
Gabrieleanu,1
Gabrielanu,1
Adrianescu,1
Adrianeanu,1
Adriananu,1
Ardealeanu,1
Ardealanu,1
Moldoveanu,1
Moldovanu,1
Munteeanu,1
Câmpeanu,1
Câmpanu,1
Pădureanu,1
Păduranu,1
Valeeanu,1
Valeanu,1
Dunăreanu,1
Dunăranu,1
Pruteanu,1
Prutanu,1
Oltanu,1
Jiueanu,1
Jiuanu,1
Bistrițeanu,1
Bistrițanu,1
Sireteanu,1
Siretanu,1
Someșeanu,1
Someșanu,1
Timișeanu,1
Timișanu,1
Crișeanu,1
Crișanu,1
Dobrogeanu,1
Dobroganu,1
Bucovineanu,1
Bucovinanu,1
Olteneanu,1
Oltenanu,1
Munteneanu,1
Muntenanu,1
Bănățeanu,1
Bănățanu,1
Brașoveanu,1
Brașovanu,1
Sibiueanu,1
Sibiuanu,1
Clujeanu,1
Clujanu,1
Iașieanu,1
Iașianu,1
Bacăueanu,1
Bacăuanu,1
Buzăueanu,1
Buzăuanu,1
Brăilaeanu,1
Brăilaanu,1
Craioveanu,1
Craiovanu,1
Ploieșteanu,1
Ploieștanu,1
Botoșeanu,1
Botoșanu,1
Suceaveanu,1
Suceavanu,1
Focșaneanu,1
Focșananu,1
Romaneanu,1
Romananu,1
Neamțeanu,1
Neamțanu,1
Vranceeanu,1
Vranceanu,1
Gorjeanu,1
Gorjanu,1
Doljeanu,1
Doljanu,1
Argeșeanu,1
Argeșanu,1
Prahovaeanu,1
Prahovaanu,1
Dâmbovițeanu,1
Dâmbovițanu,1
Teleormaneanu,1
Teleormananu,1
Ialomițeanu,1
Ialomițanu,1
Călărașeanu,1
Călărașanu,1
Giurgiueanu,1
Giurgiuanu,1
Mehedințeanu,1
Mehedințanu,1
Hunedoareanu,1
Hunedoaranu,1
Maramureșeanu,1
Maramureșanu,1
Sălajeanu,1
Sălajanu,1
Bihoreanu,1
Bihoranu,1
Mureșeanu,1
Mureșanu,1
Morariu,1
Morescu,1
Fierariu,1
Fierescu,1
Dogariu,1
Dogescu,1
Rotariu,1
Rotescu,1
Olararu,1
Olarariu,1
Olarescu,1
Cojocariu,1
Cojocescu,1
Croitoraru,1
Croitorariu,1
Croitorescu,1
Pădurariu,1
Pădurescu,1
Căldăraru,1
Căldărariu,1
Căldărescu,1
Ciubotaru,1
Ciubotariu,1
Ciubotescu,1
Butnaru,1
Butnariu,1
Butnescu,1
Prisăcaru,1
Prisăcariu,1
Prisăcescu,1
Vânătoraru,1
Vânătorariu,1
Vânătorescu,1
Pescaru,1
Pescariu,1
Pescescu,1
Morararu,1
Morarariu,1
Morarescu,1
Cărămidaru,1
Cărămidariu,1
Cărămidescu,1
Zidararu,1
Zidarariu,1
Zidarescu,1
Dulgheraru,1
Dulgherariu,1
Dulgherescu,1
Plugararu,1
Plugarariu,1
Plugarescu,1
Căruțaru,1
Căruțariu,1
Căruțescu,1
Bacaru,1
Bacariu,1
Bacescu,1
Văcararu,1
Văcarariu,1
Văcarescu,1
Oieraru,1
Oierariu,1
Oierescu,1
Stupararu,1
Stuparariu,1
Stuparescu,1
Grădinaru,1
Grădinariu,1
Grădinescu,1
Cizmararu,1
Cizmarariu,1
Cizmarescu,1
Blănaru,1
Blănariu,1
Blănescu,1
Săpunaru,1
Săpunariu,1
Săpunescu,1
Boiangaru,1
Boiangariu,1
Boiangescu,1
Dogararu,1
Dogarariu,1
Dogarescu,1
Lăutararu,1
Lăutarariu,1
Lăutarescu,1
Cântăraru,1
Cântărariu,1
Cântărescu,1
Pitararu,1
Pitarariu,1
Pitarescu,1
Postelnicaru,1
Postelnicariu,1
Postelnicescu,1
Vornicaru,1
Vornicariu,1
Vornicescu,1
Logofătaru,1
Logofătariu,1
Logofătescu,1
Diaconaru,1
Diaconariu,1
Diaconescu,1
Poparu,1
Popariu,1
Călugăraru,1
Călugărariu,1
Călugărescu,1
Dascălaru,1
Dascălariu,1
Dascălescu,1
Cantacuzino,1
Cantemir,1
Rosetti,1
Ghica,1
Sturdza,1
Știrbei,1
