Xayrullin,4
Xabibullin,4
Safiullin,4
Valeev,4
Abdullin,4
Axmetzyanov,4
Garifullin,4
Şayxutdinov,4
Xusnutdinov,4
Xamidullin,4
Ismagilov,4
Gataullin,4
Galeev,4
Gaynutdinov,4
Valiullin,4
Galiullin,4
Gaynullin,4
Muxametzyanov,4
Şaydullin,4
Yarullin,4
Axmetşin,4
Ziganşin,4
Şamsutdinov,4
Muxametşin,4
Davletşin,4
Xayrutdinov,4
Xaliullin,4
Şarafutdinov,4
Zagidullin,4
Zaynullin,4
Safin,4
Şakirov,4
Zakirov,4
Zaripov,4
Xasanov,4
Ibragimov,4
Sabirov,4
Sadıkov,4
Valiev,4
Garipov,4
Galimov,4
Galiev,4
Garaev,4
Karimov,4
Axmetov,4
Şaripov,4
Yusupov,4
Xafizov,4
Mustafin,4
Xusainov,4
Salaxov,4
Mingazov,4
Gazizov,4
Vafin,4
Xakimov,4
Latıpov,4
Kamalov,4
Gabdraxmanov,4
Suleymanov,4
Sultanov,4
Usmanov,4
Salixov,4
Kadırov,4
Nigmatullin,4
Faxrutdinov,4
Minnullin,4
Minnixanov,4
Şaymiev,4
Timergaliev,4
Xamitov,4
Musin,4
Nuriev,4
Gilyazov,4
Gabidullin,4
Bagautdinov,4
Gabbasov,4
Yakupov,4
Davletov,4
Muxametov,4
Nasretdinov,4
Raxmatullin,4
Fayzullin,4
Fattaxov,4
Xakimullin,4
Xalikov,4
Şarapov,4
Şarifullin,4
Yamaletdinov,4
Yakubov,4
Yaxin,4
Zinnatullin,4
Ziyatdinov,4
Kamaletdinov,4
Kurbangaliev,4
Muslimov,4
Nasıbullin,4
Nurtdinov,4
Raximov,4
Tuxvatullin,4
Gabdullin,4
Maratov,1
Ruslanov,1
Ayratov,1
Ramilov,1
Ildarov,1
Rustemov,1
Rinatov,1
Aydarov,1
Albertov,1
Radikov,1
Almazov,1
Ilnurov,1
Lenarov,1
Azatov,1
Arturov,1
Timurov,1
Damirov,1
Rustamov,1
Nailov,1
Marselov,1
Ilşatov,1
Bulatov,1
Renatov,1
Ravilov,1
Irekov,1
Ilnarov,1
Dinarov,1
Faritov,1
Adelov,1
Rafaelov,1
Amirov,1
Anvarov,1
Arslanov,1
Asxatov,1
Baxtiyarov,1
Bikbulatov,1
Vildanov,1
Galev,1
Garifov,1
Dautov,1
Zarifov,1
Idrisov,1
Iskanderov,1
Kamilov,1
Kasımov,1
Latıfov,1
Malikov,1
Mansurov,1
Munirov,1
Nabev,1
Nurlanov,1
Ramazanov,1
Raşidov,1
Rinalov,1
Robertov,1
Salavatov,1
Samatov,1
Tagirov,1
Talgatov,1
Failov,1
Fanisov,1
Faridov,1
Fatixov,1
Firdusov,1
Xabibov,1
Xalilov,1
Şamilov,1
Şarifov,1
Emilov,1
Yarxamov,1
Barev,1
Gayazov,1
Gabdulxakov,1
Gabdulxaev,1
Gabdulkarimov,1
Gabdulmannanov,1
Rafikov,1
Abbasov,1
Abdulov,1
Azamatov,1
Azimov,1
Akramov,1
Alev,1
Amirxanov,1
Ansarov,1
Arifov,1
Askarov,1
Axatov,1
Badretdinov,1
Bayazitov,1
Bikmullin,1
Burxatov,1
Vagizov,1
Vakilov,1
Valitov,1
Gazev,1
Gamirov,1
Gayarov,1
Daniyarov,1
Zinnurov,1
Ilgizov,1
Lokmanov,1
Midxatov,1
Mirgaziyanov,1
Mirsaetov,1
Moxammatov,1
Najipov,1
Nurev,1
Rafkatov,1
Rifov,1
Salimov,1
Taxirov,1
Timerxanov,1
Foatov,1
Xabirov,1
Xaydarov,1
Şayxev,1
Şaukatov,1
Abdulvaxapov,1
Abdulkadirov,1
Abdullatifov,1
Abdulmalikov,1
Abdulnasırov,1
Abdulnurov,1
Abdulsamatov,1
Abdulfattaxov,1
Abdulxakimov,1
Abdulxalimov,1
Abdulxakov,1
Abdulxaev,1
Gabdelbarev,1
Gabdelvaxitov,1
Gabdelkadirov,1
Gabdellatifov,1
Gabdelmalikov,1
Gabdelnasırov,1
Gabdelnurov,1
Gabdelsamatov,1
Gabdelfattaxov,1
Gabdelxakimov,1
Gabdelxalimov,1
Gabdelxakov,1
Gabdelxaev,1
Karimullin,1
Azizullin,1
Nurullin,1
Axmatullin,1
Sabirullin,1
Şakirullin,1
Fatixullin,1
Faritullin,1
Mansurullin,1
Nasibullin,1
Latıfullin,1
Salixullin,1
Gazizullin,1
Kasimullin,1
Malikullin,1
Raşidullin,1
Rafikullin,1
Taufikullin,1
Kamalullin,1
Djamalullin,1
Sadrullin,1
Badrullin,1
Xusniullin,1
Şamsullin,1
Sayfullin,1
Saxibullin,1
Kadirullin,1
Vaxitullin,1
Samatullin,1
Galimullin,1
Xalilullin,1
Xarisullin,1
Nafigullin,1
Sattarullin,1
Şukurullin,1
Bariullin,1
Basirullin,1
Kabirullin,1
Majitullin,1
Maxmutullin,1
Minxajullin,1
Musaullin,1
Munirullin,1
Nadirullin,1
Nazirullin,1
Raufullin,1
Raximullin,1
Rizvanullin,1
Salmanullin,1
Samiullin,1
Sarvarullin,1
Talipullin,1
Xasanullin,1
Xafizullin,1
Xusainullin,1
Yusupullin,1
Yakubullin,1
Nuretdinov,1
Faxretdinov,1
Şamsetdinov,1
Ziyaetdinov,1
Salaxetdinov,1
Gaynetdinov,1
Minnetdinov,1
Xayretdinov,1
Xisametdinov,1
Sirazetdinov,1
Şarafetdinov,1
Safietdinov,1
Valietdinov,1
Galietdinov,1
Xabibetdinov,1
Raxmetdinov,1
Fayzetdinov,1
Nigmatetdinov,1
Muxametetdinov,1
Axmetetdinov,1
Mansuretdinov,1
Fatixetdinov,1
Amiretdinov,1
Azizetdinov,1
Karimetdinov,1
Kadiretdinov,1
Latıfetdinov,1
Maliketdinov,1
Raşidetdinov,1
Sabiretdinov,1
Şakiretdinov,1
Xakimetdinov,1
Xamidetdinov,1
Xasanetdinov,1
Xafizetdinov,1
Xaliletdinov,1
Xusainetdinov,1
Yusupetdinov,1
Yakubetdinov,1
Zarifetdinov,1
Gazizetdinov,1
Galimetdinov,1
Garifetdinov,1
Ibragimetdinov,1
Idrisetdinov,1
Iskanderetdinov,1
Ismagiletdinov,1
Kasımetdinov,1
Muniretdinov,1
Musaetdinov,1
Mustafaetdinov,1
Nailetdinov,1
Raviletdinov,1
Ramiletdinov,1
Samatetdinov,1
Suleymanetdinov,1
Tagiretdinov,1
Faridetdinov,1
Firdusetdinov,1
Şamiletdinov,1
Şarifetdinov,1
Abuzarov,1
Aglyamov,1
Adipov,1
Azgarov,1
Azxarov,1
Azimbaev,1
Aybulatov,1
Aydarxanov,1
Ayratxanov,1
Alimov,1
Almasov,1
Amanov,1
Aminov,1
Ansarxanov,1
Arslanbekov,1
Asfanov,1
Baxramov,1
Bilalov,1
Biktaşov,1
Burxanov,1
Vagapov,1
Vazirov,1
Vaxapov,1
Gaysarov,1
Gayfullin,1
Gamirxanov,1
Garifjanov,1
Gayazxanov,1
Daulatov,1
Daulatgaraev,1
Daulatxanov,1
Zaxirov,1
Zinnatov,1
Zofarov,1
Ilyasov,1
Kamranov,1
Karimjanov,1
Labibov,1
Magsumov,1
Magsudov,1
Malikjanov,1
Moratov,1
Mostafin,1
Nabiullin,1
Najmetdinov,1
Nizamov,1
Niyazov,1
Nurislamov,1
Nurmoxammatov,1
Raviljanov,1
Ramazanxanov,1
Raşatov,1
Raşitov,1
Rinatxanov,1
Rostamxanov,1
Sabitov,1
Saidov,1
Sagitov,1
Saetgaraev,1
Salimjanov,1
Samigullin,1
Songatov,1
Tajetdinov,1
Timerbulatov,1
Timergaraev,1
Timerjanov,1
Tufanov,1
Fazılov,1
Farxatov,1
Xabibraxmanov,1
Xamzin,1
Şaxinov,1
Şayxetdinov,1
Eldarxanov,1
Yunısov,1
Yadkarov,1
Abubakerov,1
Abuzyarov,1
Aybarsov,1
Aytuganov,1
Akbulatov,1
Akmalov,1
Altınbaev,1
Ardakov,1
Aslanov,1
Axmerov,1
Bakev,1
Biktimerov,1
Bulatxanov,1
Vergazov,1
Gafurov,1
Davıdov,1
Zakirjanov,1
Kotdusov,1
Masagutov,1
Minxajov,1
Mirxaydarov,1
Raxmankulov,1
Rifkatov,1
Sayfutdinov,1
Sonçalaev,1
Tukaev,1
Fatxullin,1
Fetxullin,1
Xanikov,1
Şakirjanov,1
Yambulatov,1
Yanbulatov,1
Akçurin,1
Arslangalev,1
Bikmoxammatov,1
Gabdelvagapov,1
Gabdelkayumov,1
Gabdelmajitov,1
Gabdelkarimov,1
Gabdelraufov,1
Gabdelsabirov,1
Gabdelsalamov,1
Gabdelsattarov,1
Gabdelşakirov,1
Gabdelşarifov,1
Gabdelxabirov,1
Gabdelxalilov,1
Gabdelxamitov,1
Gabdelxasanov,1
Gabdelxosaenov,1
Gabdulvagapov,1
Gabdulkayumov,1
Gabdulmajitov,1
Gabdulraufov,1
Gabdulsabirov,1
Gabdulsalamov,1
Gabdulsattarov,1
Gabdulşakirov,1
Gabdulşarifov,1
Gabdulxabirov,1
Gabdulxalilov,1
Gabdulxamitov,1
Gabdulxasanov,1
