Marat,4
Ruslan,4
Ayrat,4
Ramil,4
Ildar,4
Rustem,4
Rinat,4
Aydar,4
Albert,4
Radik,4
Almaz,4
Ilnur,4
Lenar,4
Azat,4
Artur,4
Timur,4
Damir,4
Rustam,4
Nail,4
Marsel,4
Ilşat,4
Bulat,4
Renat,4
Ravil,4
Irek,4
Ilnar,4
Dinar,4
Farit,4
Adel,4
Rafael,4
Amir,4
Anvar,4
Arslan,4
Asxat,4
Baxtiyar,4
Bikbulat,2
Vildan,2
Gabdulla,2
Gabdraxman,2
Gabbas,2
Gaziz,2
Gali,2
Galim,2
Garif,2
Daut,2
Zakir,2
Zarif,2
Ibragim,2
Idris,2
Iskander,2
Ismagil,2
Kamil,2
Karim,2
Kasım,2
Latıf,2
Malik,2
Mansur,2
Minnulla,2
Munir,2
Musa,2
Mustafa,2
Nabi,2
Nurlan,2
Ramazan,2
Raşid,2
Rinal,1
Robert,1
Sabir,1
Salavat,1
Samat,1
Suleyman,1
Tagir,1
Talgat,1
Fail,1
Fanis,1
Farid,1
Fatix,1
Firdus,1
Xabib,1
Xakim,1
Xalil,1
Xamit,1
Xasan,1
Xafiz,1
Xusain,1
Şakir,1
Şamil,1
Şarif,1
Emil,1
Yusup,1
Yakub,1
Yarxam,1
Axmet,1
Bari,1
Gayaz,1
Gabdulxak,1
Gabdulxay,1
Gabdulkarim,1
Gabdulmannan,1
Rafik,1
